"Start Time","End Time","Activity ID","Activity Name","Description","Location Name","Time Zone","Offset","Duration (h:m:s)","Elapsed Duration (h:m:s)","Moving Duration (h:m:s)","Activity Parent","Activity Type","Event Type","Device","Gear","Privacy","File Format","Distance (km)","Average Speed (km/h)","Average Speed (km/h or min/km)","Average Moving Speed (km/h)","Average Moving Speed (km/h or min/km)","Max. Speed (km/h)","Max. Speed (km/h or min/km)","Elevation Gain (m)","Elevation Loss (m)","Elevation Min. (m)","Elevation Max. (m)","Elevation Corrected","Begin Latitude (°DD)","Begin Longitude (°DD)","End Latitude (°DD)","End Longitude (°DD)","Max. Heart Rate (bpm)","Average Heart Rate (bpm)","Calories","VO2max","Aerobic Training Effect","Anaerobic Training Effect","Avg. Run Cadence","Max. Run Cadence","Stride Length","Steps","Avg. Cadence (rpm)","Max. Cadence (rpm)","Strokes","Avg. Temp (°C)","Min. Temp (°C)","Max. Temp (°C)"
"2025-07-23T18:27:35+02:00","2025-07-23T19:58:26+02:00","19826750062","Fuerza","","","Europe/Paris","+02:00","01:30:51","01:30:51","00:17:54","Gym & Fitness Equipment","Strength Training","Uncategorized","Forerunner 265S 23.20.0.0","","groups","fit","","","","","","","","","","","","false","","","","","140","103","396","","0.7","0.5","","","","396","","","","","",""
"2025-07-21T18:25:11+02:00","2025-07-21T19:55:55+02:00","19804847077","Fuerza","","","Europe/Paris","+02:00","01:30:44","01:30:44","00:18:56","Gym & Fitness Equipment","Strength Training","Uncategorized","Forerunner 265S 23.20.0.0","","groups","fit","","","","","","","","","","","","false","","","","","137","97","424","","0.4","0.1","","","","398","","","","","",""
"2025-07-20T09:53:48+02:00","2025-07-20T11:27:52+02:00","19790028215","Fuerza","","","Europe/Paris","+02:00","01:34:04","01:34:04","00:21:25","Gym & Fitness Equipment","Strength Training","Uncategorized","Forerunner 265S 23.20.0.0","","groups","fit","","","","","","","","","","","","false","","","","","142","103","497","","0.8","0.2","","","","538","","","","","",""
"2025-07-19T22:00:54+02:00","2025-07-19T22:06:28+02:00","19785993661","Relajación y concentración (c","","","Europe/Paris","+02:00","00:05:34","00:05:34","","Other","Breathwork","Uncategorized","Forerunner 265S 23.20.0.0","","groups","fit","","","","","","","","","","","","false","","","","","84","72","","","","","","","","","","","","","",""
"2025-07-19T09:48:34+02:00","2025-07-19T10:28:34+02:00","19779226448","Bicicleta estática","","","Europe/Paris","+02:00","00:40:00","00:40:00","","Cycling","Indoor Cycling","Uncategorized","Forerunner 265S 23.20.0.0","","groups","fit","10.50000","15.74751976563691","15.7","","","","","","","","","false","","","","","129","112","298","","1.2","","","","","","","","","","",""
"2025-07-18T16:33:17+02:00","2025-07-18T18:16:23+02:00","19773628694","Fuerza","","","Europe/Paris","+02:00","01:43:06","01:43:06","00:23:36","Gym & Fitness Equipment","Strength Training","Uncategorized","Forerunner 265S 23.20.0.0","","groups","fit","","","","","","","","","","","","false","","","","","154","104","530","","1.2","0.6","","","","340","","","","","",""
"2025-07-17T22:04:42+02:00","2025-07-17T23:00:28+02:00","19766215757","Padel","","","Europe/Paris","+02:00","00:55:46","00:55:46","00:07:49","Racket Sports","Padel","Uncategorized","Forerunner 265S 23.20.0.0","","groups","fit","0.67614","0.7272000253200531","0.7","5.18998731926306","5.2","11.217599773406983","11.2","","","","","false","","","","","161","118","430","","2.0","1.4","","","","3556","","","","","",""
"2025-07-17T18:49:32+02:00","2025-07-17T20:12:33+02:00","19766215698","Fuerza","","","Europe/Paris","+02:00","01:23:01","01:23:01","00:19:39","Gym & Fitness Equipment","Strength Training","Uncategorized","Forerunner 265S 23.20.0.0","","groups","fit","","","","","","","","","","","","false","","","","","143","106","345","","0.9","0.2","","","","394","","","","","",""
"2025-07-16T20:22:49+02:00","2025-07-16T21:11:53+02:00","19755047867","Madrid Caminhar","","Madrid","Europe/Paris","+02:00","00:43:53","00:49:04","00:38:43","Any Activity Type","Walking","Uncategorized","Forerunner 265S 23.20.0.0","","groups","fit","3.50790","4.795200061798096","12:31","5.436263301092338","11:02","9.406799697875977","06:23","67.0","65.0","686.0","724.0","false","40.443370","-3.704390","40.443820","-3.703598","107","91","259","51.0","0.8","","98.8","231.0","","4460","","","","","",""
"2025-07-15T06:57:13+02:00","2025-07-15T07:24:47+02:00","19736714765","Madrid Corrida","","Madrid","Europe/Paris","+02:00","00:27:34","00:27:34","00:27:27","Any Activity Type","Running","Uncategorized","Forerunner 265S 23.20.0.0","","groups","fit","5.01284","10.91159963607788","05:30","10.957026980874318","05:29","14.479199409484863","04:09","12.0","12.0","693.6","706.6","false","40.443414","-3.705096","40.442056","-3.705281","160","146","399","51.0","3.2","","164.88","176.0","110.13","4556","","","","","",""
"2025-07-14T19:11:52+02:00","2025-07-14T20:44:55+02:00","19733269469","Fuerza","","","Europe/Paris","+02:00","01:33:03","01:33:03","00:18:46","Gym & Fitness Equipment","Strength Training","Uncategorized","Forerunner 265S 23.20.0.0","","groups","fit","","","","","","","","","","","","false","","","","","135","95","449","","0.5","","","","","404","","","","","",""
"2025-07-12T08:25:53+02:00","2025-07-12T09:30:56+02:00","19706561166","Madrid Corrida","","Madrid","Europe/Paris","+02:00","01:04:54","01:05:03","01:04:49","Any Activity Type","Running","Uncategorized","Forerunner 265S 23.20.0.0","","groups","fit","11.35989","10.501200199127197","05:43","10.516387716972035","05:42","16.559999656677245","03:37","161.0","176.0","636.4","701.6","false","40.441990","-3.704286","40.441738","-3.704300","176","158","961","50.0","4.3","0.3","164.91","176.0","106.36","10690","","","","","",""
"2025-07-11T16:39:32+02:00","2025-07-11T18:00:17+02:00","19701421809","Fuerza","","","Europe/Paris","+02:00","01:20:45","01:20:45","00:22:49","Gym & Fitness Equipment","Strength Training","Uncategorized","Forerunner 265S 23.20.0.0","","groups","fit","","","","","","","","","","","","false","","","","","132","99","342","","0.5","","","","","384","","","","","",""
"2025-07-10T06:50:06+02:00","2025-07-10T07:20:07+02:00","19695202111","Madrid Corrida","","Madrid","Europe/Paris","+02:00","00:30:01","00:30:01","00:30:01","Any Activity Type","Running","Uncategorized","Forerunner 265S 23.20.0.0","","groups","fit","5.24464","10.479600048065185","05:44","10.483456131142422","05:43","11.89079990386963","05:03","18.0","20.0","685.4","697.4","false","40.443279","-3.705373","40.443437","-3.705501","163","151","438","50.0","3.3","","164.42","174.0","106.46","4934","","","","","",""
"2025-07-09T18:33:53+02:00","2025-07-09T20:01:41+02:00","19682391441","Fuerza","","","Europe/Paris","+02:00","01:27:48","01:27:48","00:22:27","Gym & Fitness Equipment","Strength Training","Uncategorized","Forerunner 265S 23.20.0.0","","groups","fit","","","","","","","","","","","","false","","","","","138","102","437","","0.7","","","","","310","","","","","",""
"2025-07-07T18:57:03+02:00","2025-07-07T20:05:30+02:00","19661345008","Fuerza","","","Europe/Paris","+02:00","01:08:27","01:08:27","00:15:15","Gym & Fitness Equipment","Strength Training","Uncategorized","Forerunner 265S 23.20.0.0","","groups","fit","","","","","","","","","","","","false","","","","","150","101","251","","0.8","0.7","","","","150","","","","","",""
"2025-07-04T18:24:46+02:00","2025-07-04T19:55:02+02:00","19632361033","Fuerza","","","Europe/Paris","+02:00","01:30:16","01:30:16","00:22:04","Gym & Fitness Equipment","Strength Training","Uncategorized","Forerunner 265S 23.20.0.0","","groups","fit","","","","","","","","","","","","false","","","","","155","108","553","","1.3","1.0","","","","350","","","","","",""
"2025-07-02T19:04:26+02:00","2025-07-02T20:33:47+02:00","19612844170","Fuerza","","","Europe/Paris","+02:00","01:29:21","01:29:21","00:17:25","Gym & Fitness Equipment","Strength Training","Uncategorized","Forerunner 265S 23.20.0.0","","groups","fit","","","","","","","","","","","","false","","","","","159","108","509","","1.3","2.2","","","","258","","","","","",""
"2025-07-01T18:25:08+02:00","2025-07-01T19:36:35+02:00","19601966443","Fuerza","","","Europe/Paris","+02:00","01:11:27","01:11:27","00:18:17","Gym & Fitness Equipment","Strength Training","Uncategorized","Forerunner 265S 23.20.0.0","","groups","fit","","","","","","","","","","","","false","","","","","152","101","203","","0.7","0.7","","","","134","","","","","",""
"2025-06-30T06:51:51+02:00","2025-06-30T07:24:07+02:00","19586024281","Madrid - Base","","Madrid","Europe/Paris","+02:00","00:32:16","00:32:16","00:32:10","Any Activity Type","Running","Uncategorized","Forerunner 265S 23.20.0.0","","groups","fit","5.52553","10.278000068664552","05:50","10.306687682156737","05:49","12.729600048065185","04:43","46.0","59.0","686.6","706.0","false","40.441856","-3.705006","40.442664","-3.705137","156","142","438","51.0","3.1","","163.55","172.0","105.52","5282","","","","","",""
"2025-06-26T18:54:38+02:00","2025-06-26T19:34:38+02:00","19555484735","Fuerza","","","Europe/Paris","+02:00","00:40:00","00:40:00","00:09:03","Gym & Fitness Equipment","Strength Training","Uncategorized","Forerunner 265S 23.20.0.0","","groups","fit","","","","","","","","","","","","false","","","","","132","91","190","","0.3","","","","","206","","","","","",""
"2025-06-20T17:01:31+02:00","2025-06-20T18:32:35+02:00","19492982464","Fuerza","","","Europe/Paris","+02:00","01:31:04","01:31:04","00:22:45","Gym & Fitness Equipment","Strength Training","Uncategorized","Forerunner 265S 23.20.0.0","","groups","fit","","","","","","","","","","","","false","","","","","126","97","272","","0.4","","","","","240","","","","","",""
"2025-06-19T21:25:12+02:00","2025-06-19T22:06:17+02:00","19485360382","Madrid - Base","","Madrid","Europe/Paris","+02:00","00:41:05","00:41:05","00:41:05","Any Activity Type","Running","Uncategorized","Forerunner 265S 23.20.0.0","","groups","fit","7.01505","10.242000102996826","05:51","10.245103163032452","05:51","11.991600322723391","05:00","8.0","12.0","689.6","697.0","false","40.443077","-3.705646","40.442945","-3.708766","158","146","573","51.0","3.3","","159.72","167.0","107.09","6556","","","","","",""
"2025-06-18T11:39:26+02:00","2025-06-18T13:11:59+02:00","19469603471","Fuerza","","","Europe/Paris","+02:00","01:32:33","01:32:33","00:18:38","Gym & Fitness Equipment","Strength Training","Uncategorized","Forerunner 265S 23.20.0.0","","groups","fit","","","","","","","","","","","","false","","","","","132","99","485","","0.5","","","","","392","","","","","",""
"2025-06-17T18:10:10+02:00","2025-06-17T19:33:21+02:00","19466246652","Fuerza","","","Europe/Paris","+02:00","01:23:11","01:23:11","00:22:47","Gym & Fitness Equipment","Strength Training","Uncategorized","Forerunner 265S 23.20.0.0","","groups","fit","","","","","","","","","","","","false","","","","","134","94","327","","0.4","","","","","332","","","","","",""
"2025-06-16T06:50:53+02:00","2025-06-16T07:20:04+02:00","19446141352","Madrid Corrida","","Madrid","Europe/Paris","+02:00","00:28:55","00:29:11","00:28:55","Any Activity Type","Running","Uncategorized","Forerunner 265S 23.20.0.0","","groups","fit","5.01279","10.404000377655029","05:46","10.40317491593476","05:46","12.93120002746582","04:38","3.0","8.0","693.4","701.8","false","40.442817","-3.705658","40.441905","-3.705741","153","138","390","51.0","3.0","","163.81","172.0","106.12","4750","","","","","",""
"2025-06-13T15:08:19+02:00","2025-06-13T16:25:07+02:00","19421098223","Fuerza","","","Europe/Paris","+02:00","01:16:48","01:16:48","00:21:26","Gym & Fitness Equipment","Strength Training","Uncategorized","Forerunner 265S 23.20.0.0","","groups","fit","","","","","","","","","","","","false","","","","","154","106","303","","1.1","0.4","","","","336","","","","","",""
"2025-06-10T19:59:56+02:00","2025-06-10T20:34:59+02:00","19393125506","Madrid Corrida","","Madrid","Europe/Paris","+02:00","00:35:03","00:35:03","00:35:03","Any Activity Type","Running","Uncategorized","Forerunner 265S 23.20.0.0","","groups","fit","6.34531","10.86479959487915","05:31","10.863443396555015","05:31","11.58840036392212","05:11","6.0","13.0","694.8","704.4","false","40.443342","-3.705339","40.443276","-3.705836","166","154","519","50.0","3.5","","161.67","169.0","111.84","5666","","","","","",""
"2025-06-09T18:24:44+02:00","2025-06-09T20:07:33+02:00","19382430790","Fuerza","","","Europe/Paris","+02:00","01:42:49","01:42:49","00:18:59","Gym & Fitness Equipment","Strength Training","Uncategorized","Forerunner 265S 23.20.0.0","","groups","fit","","","","","","","","","","","","false","","","","","138","94","486","","0.4","","","","","372","","","","","",""
"2025-06-08T10:48:16+02:00","2025-06-08T12:11:09+02:00","19367856761","Fuerza","","","Europe/Paris","+02:00","01:22:53","01:22:53","00:21:20","Gym & Fitness Equipment","Strength Training","Uncategorized","Forerunner 265S 23.20.0.0","","groups","fit","","","","","","","","","","","","false","","","","","155","104","429","","0.9","0.8","","","","320","","","","","",""
"2025-06-06T14:21:11+02:00","2025-06-06T15:21:36+02:00","19350022962","Fuerza","","","Europe/Paris","+02:00","01:00:25","01:00:25","00:16:10","Gym & Fitness Equipment","Strength Training","Uncategorized","Forerunner 265S 23.20.0.0","","groups","fit","","","","","","","","","","","","false","","","","","155","99","183","","1.1","","","","","208","","","","","",""
"2025-06-04T18:03:40+02:00","2025-06-04T19:39:45+02:00","19333019311","Fuerza","","","Europe/Paris","+02:00","01:36:05","01:36:05","00:20:07","Gym & Fitness Equipment","Strength Training","Uncategorized","Forerunner 265S 23.20.0.0","","groups","fit","","","","","","","","","","","","false","","","","","136","97","487","","0.5","","","","","408","","","","","",""
"2025-06-03T19:46:49+02:00","2025-06-03T20:18:55+02:00","19322922775","Madrid Corrida","","Madrid","Europe/Paris","+02:00","00:32:04","00:32:06","00:32:04","Any Activity Type","Running","Uncategorized","Forerunner 265S 23.20.0.0","","groups","fit","6.01553","11.253599739074707","05:20","11.25495539985687","05:20","12.697199821472168","04:44","14.0","16.0","689.2","693.4","false","40.443313","-3.705428","40.441321","-3.707279","168","154","484","51.0","3.6","","162.3","170.0","115.23","5194","","","","","",""
"2025-06-02T18:26:30+02:00","2025-06-02T19:44:49+02:00","19313356842","Fuerza","","","Europe/Paris","+02:00","01:18:19","01:18:19","00:16:12","Gym & Fitness Equipment","Strength Training","Uncategorized","Forerunner 265S 23.20.0.0","","groups","fit","","","","","","","","","","","","false","","","","","134","92","364","","0.4","","","","","348","","","","","",""
"2025-06-01T20:54:18+02:00","2025-06-01T21:29:19+02:00","19303833513","Madrid - Base","","Madrid","Europe/Paris","+02:00","00:35:01","00:35:01","00:35:01","Any Activity Type","Running","Uncategorized","Forerunner 265S 23.20.0.0","","groups","fit","6.16975","10.569600391387938","05:41","10.57033639719338","05:41","11.822399711608886","05:05","2.0","7.0","686.6","692.0","false","40.443327","-3.705389","40.441961","-3.705559","160","149","504","51.0","3.3","","159.75","167.0","110.18","5594","","","","","",""
"2025-05-31T17:31:00+02:00","2025-05-31T18:58:04+02:00","19293633472","Fuerza","","","Europe/Paris","+02:00","01:27:04","01:27:04","00:23:59","Gym & Fitness Equipment","Strength Training","Uncategorized","Forerunner 265S 23.20.0.0","","groups","fit","","","","","","","","","","","","false","","","","","149","103","332","","0.8","0.1","","","","2212","","","","","",""
"2025-05-30T16:20:32+02:00","2025-05-30T17:46:42+02:00","19280939185","Fuerza","","","Europe/Paris","+02:00","01:26:10","01:26:10","00:16:44","Gym & Fitness Equipment","Strength Training","Uncategorized","Forerunner 265S 23.20.0.0","","groups","fit","","","","","","","","","","","","false","","","","","136","98","445","","0.5","","","","","422","","","","","",""
"2025-05-28T18:06:38+02:00","2025-05-28T19:36:31+02:00","19262043669","Fuerza","","","Europe/Paris","+02:00","01:29:53","01:29:53","00:19:10","Gym & Fitness Equipment","Strength Training","Uncategorized","Forerunner 265S 23.20.0.0","","groups","fit","","","","","","","","","","","","false","","","","","153","102","426","","0.8","0.7","","","","280","","","","","",""
"2025-05-27T18:11:26+02:00","2025-05-27T19:42:57+02:00","19252411326","Fuerza","","","Europe/Paris","+02:00","01:31:29","01:31:31","00:23:22","Gym & Fitness Equipment","Strength Training","Uncategorized","Forerunner 265S 23.20.0.0","","groups","fit","","","","","","","","","","","","false","","","","","151","104","351","","1.2","0.4","","","","220","","","","","",""
"2025-05-26T19:44:46+02:00","2025-05-26T20:40:25+02:00","19243278603","Madrid - Base","","Madrid","Europe/Paris","+02:00","00:55:39","00:55:39","00:55:32","Any Activity Type","Running","Uncategorized","Forerunner 265S 23.20.0.0","","groups","fit","10.01106","10.792799663543702","05:34","10.816612036768943","05:33","14.914800453186036","04:01","7.0","13.0","692.4","700.8","false","40.443328","-3.705392","40.443188","-3.705814","171","155","823","51.0","4.0","","159.84","169.0","112.42","8880","","","","","",""
"2025-05-25T12:00:53+02:00","2025-05-25T13:27:46+02:00","19229564422","Fuerza","","","Europe/Paris","+02:00","01:26:53","01:26:53","00:17:34","Gym & Fitness Equipment","Strength Training","Uncategorized","Forerunner 265S 23.20.0.0","","groups","fit","","","","","","","","","","","","false","","","","","139","98","454","","0.6","","","","","392","","","","","",""
"2025-05-23T16:41:30+02:00","2025-05-23T18:19:44+02:00","19212849187","Fuerza","","","Europe/Paris","+02:00","01:38:14","01:38:14","00:19:59","Gym & Fitness Equipment","Strength Training","Uncategorized","Forerunner 265S 23.20.0.0","","groups","fit","","","","","","","","","","","","false","","","","","145","108","509","","1.3","0.2","","","","280","","","","","",""
"2025-05-21T18:21:59+02:00","2025-05-21T19:42:22+02:00","19194844161","Fuerza","","","Europe/Paris","+02:00","01:20:23","01:20:23","00:14:38","Gym & Fitness Equipment","Strength Training","Uncategorized","Forerunner 265S 23.20.0.0","","groups","fit","","","","","","","","","","","","false","","","","","140","100","440","","0.6","","","","","378","","","","","",""
"2025-05-20T20:45:37+02:00","2025-05-20T21:19:54+02:00","19185718403","Madrid Corrida","","Madrid","Europe/Paris","+02:00","00:34:17","00:34:17","00:34:06","Any Activity Type","Running","Uncategorized","Forerunner 265S 23.20.0.0","","groups","fit","6.07966","10.637999725341798","05:38","10.697349248533726","05:37","12.160800075531006","04:56","1.0","6.0","692.6","699.4","false","40.443272","-3.705493","40.441578","-3.706584","163","150","498","51.0","3.3","","158.34","163.0","112.22","5436","","","","","",""
"2025-05-19T18:19:28+02:00","2025-05-19T19:57:58+02:00","19174802082","Fuerza","","","Europe/Paris","+02:00","01:38:30","01:38:30","00:20:00","Gym & Fitness Equipment","Strength Training","Uncategorized","Forerunner 265S 23.20.0.0","","groups","fit","","","","","","","","","","","","false","","","","","141","104","571","","1.0","0.2","","","","420","","","","","",""
"2025-05-17T11:05:00+02:00","2025-05-17T12:04:16+02:00","19150058132","Madrid - Base","","Madrid","Europe/Paris","+02:00","00:59:16","00:59:16","00:59:14","Any Activity Type","Running","Uncategorized","Forerunner 265S 23.20.0.0","","groups","fit","10.01465","10.13759994506836","05:55","10.144223099325828","05:55","11.923200130462646","05:02","33.0","51.0","692.4","720.4","false","40.446452","-3.698922","40.442727","-3.705516","169","157","858","51.0","3.7","","162.42","170.0","103.95","9616","","","","","",""
"2025-05-16T17:14:06+02:00","2025-05-16T18:37:35+02:00","19144135650","Fuerza","","","Europe/Paris","+02:00","01:23:29","01:23:29","00:18:31","Gym & Fitness Equipment","Strength Training","Uncategorized","Forerunner 265S 23.20.0.0","","groups","fit","","","","","","","","","","","","false","","","","","135","107","434","","1.3","","","","","278","","","","","",""
"2025-05-14T17:47:45+02:00","2025-05-14T19:12:24+02:00","19124929628","Fuerza","","","Europe/Paris","+02:00","01:24:39","01:24:39","00:21:10","Gym & Fitness Equipment","Strength Training","Uncategorized","Forerunner 265S 22.24.0.0","","groups","fit","","","","","","","","","","","","false","","","","","140","103","303","","0.8","","","","","324","","","","","",""
"2025-05-13T18:02:14+02:00","2025-05-13T19:26:25+02:00","19114027539","Fuerza","","","Europe/Paris","+02:00","01:24:11","01:24:11","00:19:43","Gym & Fitness Equipment","Strength Training","Uncategorized","Forerunner 265S 22.24.0.0","","groups","fit","","","","","","","","","","","","false","","","","","140","103","489","","1.2","","","","","352","","","","","",""
"2025-05-12T18:52:18+02:00","2025-05-12T19:31:28+02:00","19103499214","Madrid - Base","","Madrid","Europe/Paris","+02:00","00:39:10","00:39:10","00:39:06","Any Activity Type","Running","Uncategorized","Forerunner 265S 22.24.0.0","","groups","fit","7.01269","10.742399883270265","05:35","10.761161035406008","05:35","12.697199821472168","04:44","9.0","8.0","687.4","691.4","false","40.442068","-3.705274","40.441552","-3.707914","157","147","569","52.0","3.4","","161.25","169.0","110.79","6314","","","","","",""
"2025-05-08T18:06:03+02:00","2025-05-08T18:36:07+02:00","19063835159","Seville Corrida","","Seville","Europe/Paris","+02:00","00:30:04","00:30:04","00:30:04","Any Activity Type","Running","Uncategorized","Forerunner 265S 22.24.0.0","","groups","fit","5.54281","11.059200096130374","05:26","11.061040028235865","05:25","13.16879997253418","04:33","3.0","4.0","9.0","12.8","false","37.377293","-5.981863","37.377252","-5.980683","171","157","465","52.0","3.5","","161.72","167.0","114.29","4856","","","","","",""
"2025-05-02T12:13:57+02:00","2025-05-02T13:24:34+02:00","19024766632","Fuerza","","","Europe/Paris","+02:00","01:10:37","01:10:37","00:19:11","Gym & Fitness Equipment","Strength Training","Uncategorized","Forerunner 265S 22.24.0.0","","groups","fit","","","","","","","","","","","","false","","","","","131","99","320","","0.9","","","","","358","","","","","",""
"2025-05-01T18:09:33+02:00","2025-05-01T20:12:26+02:00","19024766057","Padel","","","Europe/Paris","+02:00","01:32:30","02:02:53","00:10:26","Racket Sports","Padel","Uncategorized","Forerunner 265S 22.24.0.0","","groups","fit","0.58385","0.37799998819828035","0.4","3.3576036934654554","3.4","15.652800178527832","15.7","","","","","false","","","","","155","115","658","","1.7","1.5","","","","4576","","","","","",""
"2025-04-30T18:17:33+02:00","2025-04-30T19:26:07+02:00","18983891528","Fuerza","","","Europe/Paris","+02:00","01:08:34","01:08:34","00:19:45","Gym & Fitness Equipment","Strength Training","Uncategorized","Forerunner 265S 22.24.0.0","","groups","fit","","","","","","","","","","","","false","","","","","136","104","216","","0.7","","","","","338","","","","","",""
"2025-04-29T17:45:26+02:00","2025-04-29T19:12:03+02:00","18973674449","Fuerza","","","Europe/Paris","+02:00","01:26:35","01:26:37","00:16:50","Gym & Fitness Equipment","Strength Training","Uncategorized","Forerunner 265S 22.24.0.0","","groups","fit","","","","","","","","","","","","false","","","","","124","91","396","","0.3","","","","","358","","","","","",""
"2025-04-28T20:49:22+02:00","2025-04-28T21:06:29+02:00","18964123170","Madrid - Base","","Madrid","Europe/Paris","+02:00","00:17:07","00:17:07","00:17:07","Any Activity Type","Running","Uncategorized","Forerunner 265S 22.24.0.0","","groups","fit","3.01794","10.58039960861206","05:40","10.582063868567577","05:40","11.991600322723391","05:00","12.0","12.0","686.4","693.8","false","40.443257","-3.705476","40.443429","-3.705508","161","150","254","52.0","2.7","","160.84","165.0","109.57","2752","","","","","",""
"2025-04-28T19:13:07+02:00","2025-04-28T20:33:58+02:00","18964123092","Padel","","","Europe/Paris","+02:00","00:50:40","01:20:51","00:07:18","Racket Sports","Padel","Uncategorized","Forerunner 265S 22.24.0.0","","groups","fit","0.43859","0.518399977684021","0.5","3.6048492849689637","3.6","13.773599910736086","13.8","","","","","false","","","","","164","131","522","","2.3","2.1","","","","3296","","","","","",""
"2025-04-25T14:23:52+02:00","2025-04-25T15:27:26+02:00","18931280709","Fuerza","","","Europe/Paris","+02:00","01:03:34","01:03:34","00:15:00","Gym & Fitness Equipment","Strength Training","Uncategorized","Forerunner 265S 22.24.0.0","","groups","fit","","","","","","","","","","","","false","","","","","139","104","387","","0.9","0.1","","","","294","","","","","",""
"2025-04-24T18:37:40+02:00","2025-04-24T19:19:44+02:00","18923960264","Madrid - VO2 má​ximo","","Madrid","Europe/Paris","+02:00","00:42:04","00:42:04","00:42:00","Any Activity Type","Running","Uncategorized","Forerunner 265S 22.24.0.0","","groups","fit","7.45272","10.630800247192383","05:39","10.646945963444217","05:38","18.54360008239746","03:14","4.0","17.0","692.2","705.6","false","40.443546","-3.705082","40.441884","-3.705847","173","149","594","52.0","3.4","1.2","152.34","171.0","113.7","6418","","","","","",""
"2025-04-23T07:06:49+02:00","2025-04-23T08:01:07+02:00","18908627315","Fuerza","","","Europe/Paris","+02:00","00:54:18","00:54:18","00:12:50","Gym & Fitness Equipment","Strength Training","Uncategorized","Forerunner 265S 22.24.0.0","","groups","fit","","","","","","","","","","","","false","","","","","138","107","363","","1.2","","","","","320","","","","","",""
"2025-04-22T18:47:03+02:00","2025-04-22T19:19:15+02:00","18904067798","Madrid Corrida","","Madrid","Europe/Paris","+02:00","00:32:12","00:32:12","00:32:10","Any Activity Type","Running","Uncategorized","Forerunner 265S 22.24.0.0","","groups","fit","6.01751","11.214000034332278","05:21","11.224370547279793","05:21","13.068000411987304","04:35","5.0","12.0","688.4","694.8","false","40.442589","-3.705383","40.441358","-3.707202","159","148","474","52.0","3.3","","160.66","167.0","116.41","5176","","","","","",""
"2025-04-21T16:26:40+02:00","2025-04-21T17:42:20+02:00","18893651775","Fuerza","","","Europe/Paris","+02:00","01:15:40","01:15:40","00:17:23","Gym & Fitness Equipment","Strength Training","Uncategorized","Forerunner 265S 22.24.0.0","","groups","fit","","","","","","","","","","","","false","","","","","137","100","418","","0.7","","","","","316","","","","","",""
"2025-04-18T19:07:01+02:00","2025-04-18T20:02:44+02:00","18866225170","Zaragoza Futebol","","Zaragoza","Europe/Paris","+02:00","00:55:43","00:55:43","00:41:27","Team Sports","Soccer/Football","Uncategorized","Forerunner 265S 22.24.0.0","","groups","fit","3.53813","3.808799886703491","3.8","5.121539034227986","5.1","18.608400535583495","18.6","","","","","false","41.673558","-0.900066","41.673556","-0.900138","179","147","684","","3.5","2.3","","","","4650","","","","","",""
"2025-04-17T19:10:33+02:00","2025-04-17T20:05:55+02:00","18857000402","Zaragoza Corrida","","Zaragoza","Europe/Paris","+02:00","00:55:14","00:55:22","00:55:12","Any Activity Type","Running","Uncategorized","Forerunner 265S 22.24.0.0","","groups","fit","10.01600","10.87920026779175","05:31","10.886956521739133","05:31","12.729600048065185","04:43","36.0","41.0","182.4","206.2","false","41.655904","-0.875408","41.659998","-0.880626","168","153","828","51.0","3.9","","160.16","167.0","113.34","8836","","","","","",""
"2025-04-16T15:40:57+02:00","2025-04-16T16:59:16+02:00","18845618413","Fuerza","","","Europe/Paris","+02:00","01:18:19","01:18:19","00:19:00","Gym & Fitness Equipment","Strength Training","Uncategorized","Forerunner 265S 22.24.0.0","","groups","fit","","","","","","","","","","","","false","","","","","131","95","321","","0.3","","","","","332","","","","","",""
"2025-04-15T16:10:42+02:00","2025-04-15T17:21:36+02:00","18836033689","Fuerza","","","Europe/Paris","+02:00","01:10:54","01:10:54","00:17:09","Gym & Fitness Equipment","Strength Training","Uncategorized","Forerunner 265S 22.24.0.0","","groups","fit","","","","","","","","","","","","false","","","","","142","102","264","","0.6","","","","","358","","","","","",""
"2025-04-14T11:32:56+02:00","2025-04-14T12:15:15+02:00","18823596954","Madrid - Base","","Madrid","Europe/Paris","+02:00","00:42:01","00:42:19","00:42:00","Any Activity Type","Running","Uncategorized","Forerunner 265S 22.24.0.0","","groups","fit","7.47047","10.666800212860108","05:37","10.672100306919642","05:37","12.495599842071533","04:48","68.0","77.0","629.2","694.6","false","40.442154","-3.705096","40.440356","-3.709598","170","150","617","51.0","3.5","","163.16","174.0","109.14","6866","","","","","",""
"2025-04-13T18:25:43+02:00","2025-04-13T19:47:03+02:00","18819299199","Fuerza","","","Europe/Paris","+02:00","01:21:20","01:21:20","00:17:35","Gym & Fitness Equipment","Strength Training","Uncategorized","Forerunner 265S 22.24.0.0","","groups","fit","","","","","","","","","","","","false","","","","","146","98","432","","0.6","0.1","","","","396","","","","","",""
"2025-04-11T17:20:19+02:00","2025-04-11T18:43:09+02:00","18798591319","Fuerza","","","Europe/Paris","+02:00","01:22:48","01:22:50","00:18:29","Gym & Fitness Equipment","Strength Training","Uncategorized","Forerunner 265S 22.24.0.0","","groups","fit","","","","","","","","","","","","false","","","","","136","105","494","","1.0","","","","","380","","","","","",""
"2025-04-10T07:08:13+02:00","2025-04-10T07:59:50+02:00","18784162292","Fuerza","","","Europe/Paris","+02:00","00:51:34","00:51:37","00:13:39","Gym & Fitness Equipment","Strength Training","Uncategorized","Forerunner 265S 22.24.0.0","","groups","fit","","","","","","","","","","","","false","","","","","141","108","346","","1.1","0.4","","","","340","","","","","",""
"2025-04-09T19:17:12+02:00","2025-04-09T19:47:16+02:00","18780422926","Madrid - Base","","Madrid","Europe/Paris","+02:00","00:30:04","00:30:04","00:30:03","Any Activity Type","Running","Uncategorized","Forerunner 265S 22.24.0.0","","groups","fit","5.45869","10.89360008239746","05:30","10.899946025009903","05:30","12.2939998626709","04:53","3.0","4.0","686.8","690.4","false","40.442177","-3.705166","40.444061","-3.709517","155","147","435","51.0","3.1","","158.11","163.0","114.82","4752","","","","","",""
"2025-04-08T18:15:18+02:00","2025-04-08T19:26:58+02:00","18769923632","Fuerza","","","Europe/Paris","+02:00","01:11:40","01:11:40","00:17:02","Gym & Fitness Equipment","Strength Training","Uncategorized","Forerunner 265S 22.24.0.0","","groups","fit","","","","","","","","","","","","false","","","","","128","91","325","","0.3","","","","","308","","","","","",""
"2025-04-06T09:28:43+02:00","2025-04-06T11:21:55+02:00","18745702745","Madrid - Movistar Madrid Half Marathon (Medio Maratón de M","","Madrid","Europe/Paris","+02:00","01:53:12","01:53:12","01:53:11","Any Activity Type","Running","Race","Forerunner 265S 22.24.0.0","","groups","fit","21.09000","11.179069032267847","05:22","11.180091297305257","05:22","13.672800350189211","04:23","180.0","180.0","636.2","729.2","false","40.424412","-3.690552","40.424438","-3.690680","176","164","1750","51.0","5.0","","164.48","174.0","114.23","18600","","","","","",""
"2025-04-03T18:03:38+02:00","2025-04-03T19:23:30+02:00","18721490047","Fuerza","","","Europe/Paris","+02:00","01:19:52","01:19:52","00:17:10","Gym & Fitness Equipment","Strength Training","Uncategorized","Forerunner 265S 22.24.0.0","","groups","fit","","","","","","","","","","","","false","","","","","142","98","422","","0.4","0.1","","","","470","","","","","",""
"2025-04-01T18:33:31+02:00","2025-04-01T19:13:02+02:00","18701367245","Madrid - W9 Wed Taper Intervals - Race Pa","","Madrid","Europe/Paris","+02:00","00:39:31","00:39:31","00:39:27","Any Activity Type","Running","Uncategorized","Forerunner 265S 22.24.0.0","","groups","fit","6.59545","10.01159963607788","06:00","10.033158956748773","05:59","13.370399951934814","04:29","4.0","8.0","691.6","696.0","false","40.443239","-3.705392","40.441665","-3.706982","159","142","526","51.0","3.2","","155.44","174.0","106.41","6158","","","","","",""
"2025-03-31T18:14:37+02:00","2025-03-31T19:23:52+02:00","18691867022","Fuerza","","","Europe/Paris","+02:00","01:08:40","01:09:15","00:14:49","Gym & Fitness Equipment","Strength Training","Uncategorized","Forerunner 265S 22.24.0.0","","groups","fit","","","","","","","","","","","","false","","","","","132","95","341","","0.4","","","","","378","","","","","",""
"2025-03-30T09:03:07+02:00","2025-03-30T09:53:22+02:00","18676883663","Madrid Corrida","","Madrid","Europe/Paris","+02:00","00:50:15","00:50:15","00:50:15","Any Activity Type","Running","Uncategorized","Forerunner 265S 22.24.0.0","","groups","fit","10.08317","12.03840036392212","04:59","12.039605876865672","04:59","16.42680072784424","03:39","78.0","83.0","649.8","728.4","false","40.428008","-3.689603","40.423579","-3.690986","178","167","814","51.0","4.7","","166.42","179.0","120.71","8360","","","","","",""
"2025-03-28T19:57:38+01:00","2025-03-28T21:11:06+01:00","18665220827","Fuerza","","","Europe/Paris","+01:00","01:13:28","01:13:28","00:15:40","Gym & Fitness Equipment","Strength Training","Uncategorized","Forerunner 265S 22.24.0.0","","groups","fit","","","","","","","","","","","","false","","","","","139","103","430","","0.6","","","","","304","","","","","",""
"2025-03-27T18:26:31+01:00","2025-03-27T18:52:26+01:00","18654623330","Madrid Corrida","","Madrid","Europe/Paris","+01:00","00:25:55","00:25:55","00:25:54","Any Activity Type","Running","Uncategorized","Forerunner 265S 22.24.0.0","","groups","fit","5.00541","11.592000102996826","05:11","11.595544763513514","05:10","13.26960039138794","04:31","2.0","8.0","693.8","698.6","false","40.442512","-3.705199","40.442076","-3.705193","165","152","392","51.0","3.3","","160.92","167.0","119.95","4168","","","","","",""
"2025-03-26T18:09:22+01:00","2025-03-26T19:15:52+01:00","18645200592","Fuerza","","","Europe/Paris","+01:00","01:06:30","01:06:30","00:12:36","Gym & Fitness Equipment","Strength Training","Uncategorized","Forerunner 265S 22.24.0.0","","groups","fit","","","","","","","","","","","","false","","","","","133","104","388","","0.9","","","","","380","","","","","",""
"2025-03-25T18:38:49+01:00","2025-03-25T19:18:18+01:00","18635380153","Madrid - W8 Tue Intervals - Drop Set (6km","","Madrid","Europe/Paris","+01:00","00:39:29","00:39:29","00:38:32","Any Activity Type","Running","Uncategorized","Forerunner 265S 22.24.0.0","","groups","fit","6.65051","10.105199718475342","05:56","10.357068841968779","05:48","17.23320064544678","03:29","3.0","7.0","696.4","700.8","false","40.442184","-3.705036","40.442645","-3.707284","171","147","541","51.0","3.4","1.6","142.58","174.0","118.92","5720","","","","","",""
"2025-03-24T18:03:27+01:00","2025-03-24T19:13:59+01:00","18625417795","Fuerza","","","Europe/Paris","+01:00","01:10:32","01:10:32","00:16:17","Gym & Fitness Equipment","Strength Training","Uncategorized","Forerunner 265S 22.24.0.0","","groups","fit","","","","","","","","","","","","false","","","","","132","95","342","","0.5","","","","","346","","","","","",""
"2025-03-23T12:48:18+01:00","2025-03-23T13:55:28+01:00","18613935612","Fuerza","","","Europe/Paris","+01:00","01:07:10","01:07:10","00:13:26","Gym & Fitness Equipment","Strength Training","Uncategorized","Forerunner 265S 22.24.0.0","","groups","fit","","","","","","","","","","","","false","","","","","154","98","356","","0.8","0.1","","","","288","","","","","",""
"2025-03-22T09:40:44+01:00","2025-03-22T11:02:02+01:00","18602197085","Zaragoza Corrida","","Zaragoza","Europe/Paris","+01:00","01:21:06","01:21:18","01:21:05","Any Activity Type","Running","Uncategorized","Forerunner 265S 22.24.0.0","","groups","fit","14.50367","10.728000068664551","05:36","10.732417619475848","05:35","15.21720085144043","03:57","57.0","52.0","190.0","204.2","false","41.656135","-0.875856","41.652504","-0.878485","166","153","1169","51.0","4.2","0.1","163.41","174.0","109.31","13248","","","","","",""
"2025-03-20T18:28:05+01:00","2025-03-20T19:17:51+01:00","18588421989","Madrid - W7 Tue Tempo - Rolling 400s (9km","","Madrid","Europe/Paris","+01:00","00:49:46","00:49:46","00:49:43","Any Activity Type","Running","Uncategorized","Forerunner 265S 22.24.0.0","","groups","fit","9.00331","10.854000377655032","05:32","10.863882035551942","05:31","15.080400466918945","03:59","15.0","13.0","684.4","693.0","false","40.442415","-3.705240","40.442914","-3.705124","172","156","729","51.0","3.9","","161.8","172.0","111.67","8036","","","","","",""
"2025-03-18T18:07:56+01:00","2025-03-18T18:35:26+01:00","18568222674","Zurich Corrida","","Zurich","Europe/Paris","+01:00","00:27:30","00:27:30","00:27:29","Any Activity Type","Running","Uncategorized","Forerunner 265S 22.24.0.0","","groups","fit","5.00408","10.91879997253418","05:30","10.924613875833838","05:30","18.608400535583495","03:13","21.0","15.0","406.2","417.4","false","47.386734","8.533423","47.383529","8.539263","177","163","424","51.0","3.5","","159.75","247.0","115.58","4386","","","","","",""
"2025-03-17T18:19:36+01:00","2025-03-17T19:18:32+01:00","18559337247","Fuerza","","","Europe/Paris","+01:00","00:58:56","00:58:56","00:09:22","Gym & Fitness Equipment","Strength Training","Uncategorized","Forerunner 265S 22.24.0.0","","groups","fit","","","","","","","","","","","","false","","","","","132","103","338","","0.7","","","","","242","","","","","",""
"2025-03-16T11:27:13+01:00","2025-03-16T12:38:24+01:00","18546919245","Madrid Corrida","","Madrid","Europe/Paris","+01:00","01:11:11","01:11:11","01:11:02","Any Activity Type","Running","Uncategorized","Forerunner 265S 22.24.0.0","","groups","fit","12.00208","10.115999794006347","05:56","10.137843332062412","05:55","14.61240005493164","04:06","77.0","77.0","655.2","700.2","false","40.442415","-3.705337","40.443825","-3.706262","174","160","1035","51.0","4.1","","159.23","167.0","106.52","11326","","","","","",""
"2025-03-14T17:24:30+01:00","2025-03-14T18:45:17+01:00","18532124719","Fuerza","","","Europe/Paris","+01:00","01:20:47","01:20:47","00:19:02","Gym & Fitness Equipment","Strength Training","Uncategorized","Forerunner 265S 22.24.0.0","","groups","fit","","","","","","","","","","","","false","","","","","135","108","501","","1.4","","","","","378","","","","","",""
"2025-03-10T18:12:57+00:00","2025-03-10T19:08:14+00:00","18516401240","Teguise Caminhar","","Teguise","Europe/London","+00:00","00:55:17","00:55:17","00:35:42","Any Activity Type","Walking","Uncategorized","Forerunner 265S 22.22.0.0","","groups","fit","2.33116","2.530800032615662","23:42","3.917915818671219","15:19","19.918799972534178","03:01","7.0","5.0","10.0","15.8","false","29.116817","-13.551016","29.115956","-13.555464","99","82","208","","0.2","","60.44","212.0","","3488","","","","","",""
"2025-03-10T12:11:03+00:00","2025-03-10T15:45:56+00:00","18493765925","Teguise Ciclismo","","Teguise","Europe/London","+00:00","01:26:00","03:34:53","01:11:59","Any Activity Type","Cycling","Uncategorized","Forerunner 265S 22.22.0.0","","groups","fit","13.98823","9.75959987640381","9.8","11.65955769564714","11.7","32.01120071411133","32.0","159.0","206.0","8.8","88.4","false","29.232345","-13.501492","29.230660","-13.503846","164","128","798","","2.6","1.8","","","","","","","","","",""
"2025-03-06T19:39:22+01:00","2025-03-06T20:46:59+01:00","18458819421","Fuerza","","","Europe/Paris","+01:00","01:07:37","01:07:37","00:18:25","Gym & Fitness Equipment","Strength Training","Uncategorized","Forerunner 265S 22.22.0.0","","groups","fit","","","","","","","","","","","","false","","","","","141","101","378","","0.6","","","","","356","","","","","",""
"2025-03-04T18:10:38+01:00","2025-03-04T19:21:07+01:00","18438969866","Fuerza","","","Europe/Paris","+01:00","01:10:29","01:10:29","00:11:22","Gym & Fitness Equipment","Strength Training","Uncategorized","Forerunner 265S 22.22.0.0","","groups","fit","","","","","","","","","","","","false","","","","","127","96","348","","0.3","","","","","350","","","","","",""
"2025-03-03T18:39:02+01:00","2025-03-03T19:12:57+01:00","18429361284","Madrid Corrida","","Madrid","Europe/Paris","+01:00","00:33:55","00:33:55","00:33:53","Any Activity Type","Running","Uncategorized","Forerunner 265S 22.22.0.0","","groups","fit","6.00637","10.623599910736084","05:39","10.635972662014265","05:38","12.023999691009521","04:59","4.0","12.0","690.8","700.8","false","40.442814","-3.705356","40.441303","-3.707743","157","145","475","51.0","3.1","","160.97","165.0","109.92","5458","","","","","",""
"2025-03-01T11:15:33+01:00","2025-03-01T11:47:20+01:00","18407301659","Madrid - W4 Sat Long Run - 10km Long Run","","Madrid","Europe/Paris","+01:00","00:31:47","00:31:47","00:31:44","Any Activity Type","Running","Uncategorized","Forerunner 265S 22.22.0.0","","groups","fit","6.00245","11.332800006866455","05:18","11.349170537355569","05:17","12.564000034332276","04:47","10.0","7.0","689.0","695.2","false","40.442191","-3.705196","40.441910","-3.705591","174","156","483","51.0","3.5","","161.56","165.0","116.39","5138","","","","","",""
"2025-02-28T18:56:03+01:00","2025-02-28T20:18:34+01:00","18402762665","Fuerza","","","Europe/Paris","+01:00","01:22:31","01:22:31","00:14:55","Gym & Fitness Equipment","Strength Training","Uncategorized","Forerunner 265S 22.22.0.0","","groups","fit","","","","","","","","","","","","false","","","","","138","106","483","","0.8","","","","","364","","","","","",""
"2025-02-27T18:30:23+01:00","2025-02-27T19:04:00+01:00","18393521645","Madrid - W4 Thu Easy Run - 6km Easy Run (","","Madrid","Europe/Paris","+01:00","00:33:37","00:33:37","00:33:36","Any Activity Type","Running","Uncategorized","Forerunner 265S 22.22.0.0","","groups","fit","6.02349","10.749600219726561","05:35","10.754157275291544","05:35","13.57199993133545","04:25","1.0","19.0","687.6","706.6","false","40.443362","-3.705128","40.441329","-3.707789","166","152","487","51.0","3.3","","158.05","163.0","113.53","5304","","","","","",""
"2025-02-25T18:07:59+01:00","2025-02-25T19:25:07+01:00","18375476462","Fuerza","","","Europe/Paris","+01:00","01:17:08","01:17:08","00:20:16","Gym & Fitness Equipment","Strength Training","Uncategorized","Forerunner 265S 22.22.0.0","","groups","fit","","","","","","","","","","","","false","","","","","162","101","428","","1.0","2.1","","","","472","","","","","",""
"2025-02-24T18:27:05+01:00","2025-02-24T18:56:44+01:00","18365611362","Madrid - W4 Tue Tempo - Tempo 2km (5km)","","Madrid","Europe/Paris","+01:00","00:29:39","00:29:39","00:29:37","Any Activity Type","Running","Uncategorized","Forerunner 265S 22.22.0.0","","groups","fit","5.18075","10.486800384521485","05:43","10.498393264137466","05:43","14.680800247192384","04:05","1.0","14.0","692.0","705.4","false","40.443616","-3.705072","40.442166","-3.705054","168","145","408","51.0","3.1","","158.69","169.0","109.78","4718","","","","","",""
"2025-02-23T14:04:55+01:00","2025-02-23T15:39:20+01:00","18359718387","Fuerza","","","Europe/Paris","+01:00","01:34:25","01:34:25","00:09:50","Gym & Fitness Equipment","Strength Training","Uncategorized","Forerunner 265S 22.22.0.0","","groups","fit","","","","","","","","","","","","false","","","","","129","95","446","","0.3","","","","","280","","","","","",""
"2025-02-22T16:41:25+01:00","2025-02-22T18:00:46+01:00","18347803556","Madrid - W3 Sat Long Run - 16km Race Prac","","Madrid","Europe/Paris","+01:00","01:19:21","01:19:21","01:19:17","Any Activity Type","Running","Uncategorized","Forerunner 265S 22.22.0.0","","groups","fit","13.56677","10.256399917602538","05:51","10.26705283003994","05:51","12.866399574279788","04:40","40.0","84.0","642.8","694.8","false","40.442170","-3.704888","40.425679","-3.692080","169","152","1121","51.0","4.0","","160.42","168.0","106.73","12720","","","","","",""
"2025-02-21T17:31:49+01:00","2025-02-21T18:41:20+01:00","18338885718","Fuerza","","","Europe/Paris","+01:00","01:09:31","01:09:31","00:16:33","Gym & Fitness Equipment","Strength Training","Uncategorized","Forerunner 265S 22.22.0.0","","groups","fit","","","","","","","","","","","","false","","","","","139","100","373","","0.4","","","","","360","","","","","",""
"2025-02-20T18:13:55+01:00","2025-02-20T18:52:38+01:00","18330295205","Madrid - W3 Thu Easy Run - 7km Easy Run (","","Madrid","Europe/Paris","+01:00","00:38:43","00:38:43","00:38:41","Any Activity Type","Running","Uncategorized","Forerunner 265S 22.22.0.0","","groups","fit","7.01548","10.875599670410159","05:31","10.879360090730517","05:31","15.116399574279786","03:58","2.0","20.0","690.2","710.2","false","40.443247","-3.705037","40.443189","-3.705946","164","152","565","51.0","3.4","","161.67","212.0","112.0","6252","","","","","",""
"2025-02-19T19:10:18+01:00","2025-02-19T20:22:25+01:00","18322481619","Fuerza","","","Europe/Paris","+01:00","01:12:07","01:12:07","00:17:26","Gym & Fitness Equipment","Strength Training","Uncategorized","Forerunner 265S 22.22.0.0","","groups","fit","","","","","","","","","","","","false","","","","","154","104","428","","1.0","1.1","","","","358","","","","","",""
"2025-02-18T18:12:03+01:00","2025-02-18T19:18:38+01:00","18312690950","Fuerza","","","Europe/Paris","+01:00","01:06:35","01:06:35","00:11:11","Gym & Fitness Equipment","Strength Training","Uncategorized","Forerunner 265S 21.22.0.0","","groups","fit","","","","","","","","","","","","false","","","","","134","99","351","","0.5","","","","","312","","","","","",""
"2025-02-17T18:30:50+01:00","2025-02-17T19:08:13+01:00","18303260314","Madrid - W3 Tue Tempo - Rolling 300s (6.6","","Madrid","Europe/Paris","+01:00","00:37:23","00:37:23","00:37:16","Any Activity Type","Running","Uncategorized","Forerunner 265S 21.22.0.0","","groups","fit","6.60902","10.605600357055664","05:39","10.640678546584084","05:38","12.798000240325928","04:41","4.0","8.0","687.6","692.2","false","40.442341","-3.705197","40.441974","-3.707153","166","148","527","51.0","3.3","","162.03","168.0","109.27","6028","","","","","",""
"2025-02-14T17:03:38+01:00","2025-02-14T17:44:15+01:00","18276339764","Zaragoza - W2 Thu Easy Run - 6.5km Easy Run","","Zaragoza","Europe/Paris","+01:00","00:40:37","00:40:37","00:40:31","Any Activity Type","Running","Uncategorized","Forerunner 265S 21.22.0.0","","groups","fit","7.03259","10.389599704742432","05:47","10.414365873097491","05:46","11.656799697875977","05:09","22.0","27.0","188.4","200.2","false","41.656018","-0.875438","41.655884","-0.876832","164","154","584","51.0","3.4","","157.69","239.0","109.8","6400","","","","","",""
"2025-02-13T17:57:58+01:00","2025-02-13T18:57:03+01:00","18268671717","Fuerza","","","Europe/Paris","+01:00","00:59:05","00:59:05","00:12:27","Gym & Fitness Equipment","Strength Training","Uncategorized","Forerunner 265S 21.22.0.0","","groups","fit","","","","","","","","","","","","false","","","","","132","102","333","","0.6","","","","","318","","","","","",""
"2025-02-11T18:17:33+01:00","2025-02-11T18:56:23+01:00","18251078800","Madrid - W2 Tue Intervals - 1km Repeats (","","Madrid","Europe/Paris","+01:00","00:38:50","00:38:50","00:38:42","Any Activity Type","Running","Uncategorized","Forerunner 265S 21.22.0.0","","groups","fit","6.54662","10.115999794006347","05:56","10.149523307858024","05:55","13.233600425720217","04:32","3.0","15.0","693.0","705.8","false","40.443596","-3.705119","40.442684","-3.705177","170","150","537","51.0","3.3","","152.38","237.0","109.43","5944","","","","","",""
"2025-02-10T17:58:54+01:00","2025-02-10T19:20:51+01:00","18242226809","Fuerza","","","Europe/Paris","+01:00","01:21:57","01:21:57","00:18:19","Gym & Fitness Equipment","Strength Training","Uncategorized","Forerunner 265S 21.22.0.0","","groups","fit","","","","","","","","","","","","false","","","","","144","105","479","","0.9","","","","","326","","","","","",""
"2025-02-08T11:15:47+01:00","2025-02-08T12:25:56+01:00","18221075220","Madrid - W1 Sat Long Run - 12km Long Run","","Madrid","Europe/Paris","+01:00","01:10:09","01:10:09","01:10:08","Any Activity Type","Running","Uncategorized","Forerunner 265S 21.22.0.0","","groups","fit","12.01506","10.278000068664552","05:50","10.278980143622032","05:50","17.398800659179688","03:27","63.0","76.0","666.6","704.0","false","40.443443","-3.705044","40.444282","-3.709270","167","155","1006","51.0","3.9","","162.11","173.0","105.62","11374","","","","","",""
"2025-02-07T17:20:15+01:00","2025-02-07T18:20:02+01:00","18215443357","Fuerza","","","Europe/Paris","+01:00","00:59:47","00:59:47","00:11:58","Gym & Fitness Equipment","Strength Training","Uncategorized","Forerunner 265S 21.22.0.0","","groups","fit","","","","","","","","","","","","false","","","","","141","111","398","","1.2","","","","","334","","","","","",""
"2025-02-06T18:02:27+01:00","2025-02-06T18:43:35+01:00","18207030996","Madrid - W1 Thu Easy Run - 7.5km Easy Run","","Madrid","Europe/Paris","+01:00","00:41:08","00:41:08","00:41:07","Any Activity Type","Running","Uncategorized","Forerunner 265S 21.22.0.0","","groups","fit","7.51748","10.96560001373291","05:28","10.970095344542418","05:28","11.991600322723391","05:00","5.0","11.0","688.0","694.2","false","40.443099","-3.705649","40.442514","-3.705373","168","157","619","51.0","3.7","","161.61","167.0","113.09","6632","","","","","",""
"2025-02-04T18:16:19+01:00","2025-02-04T19:17:43+01:00","18189129504","Fuerza","","","Europe/Paris","+01:00","01:01:24","01:01:24","00:15:29","Gym & Fitness Equipment","Strength Training","Uncategorized","Forerunner 265S 21.22.0.0","","groups","fit","","","","","","","","","","","","false","","","","","125","94","296","","0.3","","","","","322","","","","","",""
"2025-02-03T18:30:23+01:00","2025-02-03T19:00:29+01:00","18179396958","Madrid Corrida","","Madrid","Europe/Paris","+01:00","00:30:06","00:30:06","00:30:01","Any Activity Type","Running","Uncategorized","Forerunner 265S 21.22.0.0","","groups","fit","5.25755","10.483199787139894","05:43","10.509261130968907","05:43","54.28080024719238","01:06","2.0","21.0","690.8","710.0","false","40.443740","-3.704916","40.442902","-3.706626","155","146","418","51.0","3.0","","157.55","163.0","110.76","4748","","","","","",""
"2025-02-02T17:29:03+01:00","2025-02-02T18:22:34+01:00","18171024638","Fuerza","","","Europe/Paris","+01:00","00:53:31","00:53:31","00:11:46","Gym & Fitness Equipment","Strength Training","Uncategorized","Forerunner 265S 21.22.0.0","","groups","fit","","","","","","","","","","","","false","","","","","137","100","300","","0.6","","","","","144","","","","","",""
"2025-02-01T11:13:33+01:00","2025-02-01T11:53:33+01:00","18157692992","Boxeo","","","Europe/Paris","+01:00","00:40:00","00:40:00","","Other","Boxing","Uncategorized","Forerunner 265S 21.22.0.0","","groups","fit","","","","","","","","","","","","false","","","","","162","142","498","","2.9","0.6","","","","1914","","","","","",""
"2025-01-31T17:35:52+01:00","2025-01-31T18:40:20+01:00","18152553074","Fuerza","","","Europe/Paris","+01:00","01:04:28","01:04:28","00:12:26","Gym & Fitness Equipment","Strength Training","Uncategorized","Forerunner 265S 21.22.0.0","","groups","fit","","","","","","","","","","","","false","","","","","146","100","355","","0.6","0.1","","","","368","","","","","",""
"2025-01-30T18:39:51+01:00","2025-01-30T19:44:13+01:00","18144470727","Madrid - Fast 8-4-2s","","Madrid","Europe/Paris","+01:00","01:04:22","01:04:22","01:04:03","Any Activity Type","Running","Uncategorized","Forerunner 265S 21.22.0.0","","groups","fit","11.01340","10.267199993133545","05:51","10.318049825330336","05:49","18.14040012359619","03:18","7.0","24.0","687.4","705.2","false","40.443761","-3.705163","40.441779","-3.706042","179","148","873","52.0","3.8","2.0","146.59","228.0","111.71","9624","","","","","",""
"2025-01-29T18:05:31+01:00","2025-01-29T19:30:08+01:00","18137249100","Fuerza","","","Europe/Paris","+01:00","01:24:37","01:24:37","00:17:57","Gym & Fitness Equipment","Strength Training","Uncategorized","Forerunner 265S 21.22.0.0","","groups","fit","","","","","","","","","","","","false","","","","","143","100","439","","0.5","","","","","398","","","","","",""
"2025-01-28T18:36:00+01:00","2025-01-28T18:58:50+01:00","18127183446","Carrera","","","Europe/Paris","+01:00","00:22:50","00:22:50","","Any Activity Type","Running","Uncategorized","","","groups","fit","3.86000","10.143065693430657","05:55","","","","","","","","","false","","","","","","","344","","","","","","","","","","","","",""
"2025-01-26T09:10:54+01:00","2025-01-26T11:11:19+01:00","18104317620","Seville Corrida","","Seville","Europe/Paris","+01:00","02:00:25","02:00:25","02:00:24","Any Activity Type","Running","Uncategorized","Forerunner 265S 21.22.0.0","","groups","fit","21.40773","10.666800212860108","05:37","10.66830422030731","05:37","14.947199821472168","04:01","35.0","35.0","7.8","15.2","false","37.372739","-5.989897","37.372711","-5.989846","181","161","1779","51.0","4.8","0.2","161.52","176.0","110.1","19434","","","","","",""
"2025-01-21T18:57:08+01:00","2025-01-21T19:43:31+01:00","18065543066","Madrid - W12 Wed Taper Intervals - Race P","","Madrid","Europe/Paris","+01:00","00:46:23","00:46:23","00:46:18","Any Activity Type","Running","Uncategorized","Forerunner 265S 21.22.0.0","","groups","fit","7.69702","9.957600116729736","06:02","9.975807704538585","06:01","14.5439998626709","04:08","2.0","16.0","686.2","701.6","false","40.443418","-3.705086","40.442242","-3.705059","165","146","622","51.0","3.2","0.1","151.2","167.0","107.81","7092","","","","","",""
"2025-01-20T18:36:13+01:00","2025-01-20T19:42:31+01:00","18056382073","Fuerza","","","Europe/Paris","+01:00","01:06:18","01:06:18","00:16:40","Gym & Fitness Equipment","Strength Training","Uncategorized","Forerunner 265S 21.22.0.0","","groups","fit","","","","","","","","","","","","false","","","","","130","100","360","","0.4","","","","","372","","","","","",""
"2025-01-19T12:05:59+01:00","2025-01-19T12:32:03+01:00","18044564663","Madrid - W11 Sat Long Run - 10km Long Run","","Madrid","Europe/Paris","+01:00","00:26:04","00:26:04","00:25:57","Any Activity Type","Running","Uncategorized","Forerunner 265S 21.22.0.0","","groups","fit","4.55441","10.483199787139894","05:43","10.530428106936416","05:42","11.487599945068359","05:13","3.0","6.0","684.6","689.8","false","40.443123","-3.705616","40.443086","-3.708938","156","144","362","51.0","2.9","","163.09","169.0","107.51","4252","","","","","",""
"2025-01-18T18:08:30+01:00","2025-01-18T19:30:08+01:00","18039052781","Fuerza","","","Europe/Paris","+01:00","01:21:38","01:21:38","00:18:49","Gym & Fitness Equipment","Strength Training","Uncategorized","Forerunner 265S 21.22.0.0","","groups","fit","","","","","","","","","","","","false","","","","","135","94","387","","0.4","","","","","402","","","","","",""
"2025-01-17T16:40:16+01:00","2025-01-17T17:13:43+01:00","18028481069","Madrid - W11 Wed Intervals - K200s (5.5km","","Madrid","Europe/Paris","+01:00","00:33:27","00:33:27","00:33:13","Any Activity Type","Running","Uncategorized","Forerunner 265S 21.22.0.0","","groups","fit","5.86826","10.526400089263916","05:42","10.597898771125275","05:40","14.713199615478516","04:05","6.0","10.0","683.4","689.6","false","40.442534","-3.705302","40.441854","-3.707057","181","146","466","51.0","3.1","0.1","156.94","234.0","111.07","5230","","","","","",""
"2025-01-15T18:27:43+01:00","2025-01-15T19:08:35+01:00","18011981158","Madrid - W10 Mon Easy Run - 7km Easy Run","","Madrid","Europe/Paris","+01:00","00:40:52","00:40:52","00:40:47","Any Activity Type","Running","Uncategorized","Forerunner 265S 21.22.0.0","","groups","fit","7.01820","10.306799697875975","05:49","10.325100409940742","05:49","15.350399780273438","03:55","","11.0","691.2","703.2","false","40.443484","-3.704985","40.442710","-3.707626","157","149","570","51.0","3.1","","163.36","171.0","105.14","6684","","","","","",""
"2025-01-13T19:00:18+01:00","2025-01-13T19:56:22+01:00","17993900103","Fuerza","","","Europe/Paris","+01:00","00:56:04","00:56:04","00:55:57","Gym & Fitness Equipment","Strength Training","Uncategorized","Forerunner 265S 21.20.0.0","","groups","fit","","","","","","","","","","","","false","","","","","164","129","534","","2.7","0.3","","","","16","","","","","",""
"2025-01-11T10:37:19+01:00","2025-01-11T11:54:41+01:00","17971970265","Madrid - W10 Sat Long Run - 13km Race Pra","","Madrid","Europe/Paris","+01:00","01:17:22","01:17:22","01:17:21","Any Activity Type","Running","Uncategorized","Forerunner 265S 21.20.0.0","","groups","fit","13.01358","10.094399642944337","05:57","10.095500710524886","05:57","11.689199924468994","05:08","88.0","87.0","647.2","694.4","false","40.441750","-3.704263","40.442482","-3.707418","169","158","1115","51.0","4.0","","159.69","168.0","106.15","12388","","","","","",""
"2025-01-10T18:33:39+01:00","2025-01-10T19:37:14+01:00","17967277494","Fuerza","","","Europe/Paris","+01:00","01:03:35","01:03:35","00:14:47","Gym & Fitness Equipment","Strength Training","Uncategorized","Forerunner 265S 21.20.0.0","","groups","fit","","","","","","","","","","","","false","","","","","136","101","344","","0.5","","","","","290","","","","","",""
"2025-01-09T18:35:22+01:00","2025-01-09T19:00:20+01:00","17958608830","Madrid - W10 Wed Tempo - Rolling 400s (6.","","Madrid","Europe/Paris","+01:00","00:24:58","00:24:58","00:24:55","Any Activity Type","Running","Uncategorized","Forerunner 265S 21.20.0.0","","groups","fit","4.42802","10.645200061798095","05:38","10.661207654574506","05:38","13.57199993133545","04:25","5.0","4.0","689.4","693.0","false","40.443290","-3.709012","40.441653","-3.706495","168","154","360","51.0","3.0","","161.75","169.0","109.17","4014","","","","","",""
"2025-01-09T18:21:31+01:00","2025-01-09T18:34:38+01:00","17958607908","Madrid - W11 Wed Intervals - K200s (5.5km","","Madrid","Europe/Paris","+01:00","00:13:07","00:13:07","00:13:06","Any Activity Type","Running","Uncategorized","Forerunner 265S 21.20.0.0","","groups","fit","2.07868","9.507600116729735","06:19","9.520671442628815","06:18","10.515600013732909","05:42","2.0","9.0","694.6","702.6","false","40.443572","-3.704982","40.443702","-3.709249","148","135","165","51.0","2.0","","154.53","163.0","102.53","2026","","","","","",""
"2025-01-08T18:07:50+01:00","2025-01-08T19:21:39+01:00","17950281737","Fuerza","","","Europe/Paris","+01:00","01:13:49","01:13:49","00:16:53","Gym & Fitness Equipment","Strength Training","Uncategorized","Forerunner 265S 21.20.0.0","","groups","fit","","","","","","","","","","","","false","","","","","127","98","366","","0.5","","","","","388","","","","","",""
"2025-01-07T06:35:13+01:00","2025-01-07T07:03:33+01:00","17936138968","Madrid Corrida","","Madrid","Europe/Paris","+01:00","00:28:20","00:28:20","00:28:12","Any Activity Type","Running","Uncategorized","Forerunner 265S 21.20.0.0","","groups","fit","5.03592","10.663199615478517","05:38","10.71274150620134","05:36","11.757600116729739","05:06","1.0","6.0","689.2","694.6","false","40.443065","-3.705771","40.442257","-3.705147","165","150","406","51.0","3.2","","164.3","172.0","108.34","4656","","","","","",""
"2025-01-05T16:37:16+01:00","2025-01-05T18:32:18+01:00","17924553044","Zaragoza Corrida","","Zaragoza","Europe/Paris","+01:00","01:54:25","01:55:02","01:54:23","Any Activity Type","Running","Uncategorized","Forerunner 265S 21.20.0.0","","groups","fit","18.01249","9.446400260925293","06:21","9.448486790579922","06:21","14.781599807739259","04:04","48.0","51.0","181.8","197.0","false","41.656078","-0.875688","41.649457","-0.874910","164","153","1500","51.0","3.9","","160.12","167.0","98.39","18324","","","","","",""
"2025-01-03T17:39:02+01:00","2025-01-03T19:02:54+01:00","17924551154","Fuerza","","","Europe/Paris","+01:00","01:23:52","01:23:52","00:17:53","Gym & Fitness Equipment","Strength Training","Uncategorized","Forerunner 265S 21.20.0.0","","groups","fit","","","","","","","","","","","","false","","","","","148","110","533","","1.2","0.1","","","","196","","","","","",""
"2025-01-02T14:11:31+01:00","2025-01-02T14:50:21+01:00","17896540029","Zaragoza - W9 Wed Tempo - On Off Ks (7.5km)","","Zaragoza","Europe/Paris","+01:00","00:38:50","00:38:50","00:38:48","Any Activity Type","Running","Uncategorized","Forerunner 265S 21.20.0.0","","groups","fit","7.03036","10.861199855804443","05:31","10.869934851953683","05:31","12.495599842071533","04:48","22.0","18.0","186.8","195.4","false","41.656054","-0.875776","41.654857","-0.876625","169","152","568","51.0","3.5","","165.22","180.0","109.86","6422","","","","","",""
"2024-12-31T18:02:30+01:00","2024-12-31T18:32:54+01:00","17883429269","Zaragoza Corrida","","Zaragoza","Europe/Paris","+01:00","00:30:24","00:30:24","00:30:20","Any Activity Type","Running","Uncategorized","Forerunner 265S 21.20.0.0","","groups","fit","4.81929","9.511199855804444","06:19","9.532661615728022","06:18","14.644799423217775","04:06","15.0","27.0","193.0","212.0","false","41.651638","-0.879343","41.651647","-0.879048","171","148","406","51.0","2.9","0.2","162.41","171.0","97.43","4966","","","","","",""
"2024-12-30T17:55:38+01:00","2024-12-30T18:34:37+01:00","17874755491","W9 Mon Easy Run - 7km Easy Run (","","","Europe/Paris","+01:00","00:38:59","00:38:59","00:38:04","Running","Treadmill Running","Uncategorized","Forerunner 265S 21.20.0.0","","groups","fit","7.02000","10.803599739074707","05:33","11.062575356025095","05:25","12.765600013732913","04:42","","","","","false","","","","","158","151","547","","3.1","","150.75","161.0","119.78","5804","","","","","",""
"2024-12-30T17:44:35+01:00","2024-12-30T17:54:29+01:00","17874413041","Bicicleta estática","","","Europe/Paris","+01:00","00:09:54","00:09:54","","Cycling","Indoor Cycling","Uncategorized","Forerunner 265S 21.20.0.0","","groups","fit","","","","","","","","","","","","false","","","","","154","138","125","","1.9","","","","","","","","","","",""
"2024-12-30T16:45:02+01:00","2024-12-30T17:43:10+01:00","17874343864","Fuerza","","","Europe/Paris","+01:00","00:58:08","00:58:08","00:13:31","Gym & Fitness Equipment","Strength Training","Uncategorized","Forerunner 265S 21.20.0.0","","groups","fit","","","","","","","","","","","","false","","","","","161","111","377","","1.1","1.7","","","","332","","","","","",""
"2024-12-28T13:36:08+01:00","2024-12-28T14:23:44+01:00","17856796430","Zaragoza - W8 Sat Long Run - 8km Long Run (","","Zaragoza","Europe/Paris","+01:00","00:47:36","00:47:36","00:47:24","Any Activity Type","Running","Uncategorized","Forerunner 265S 21.20.0.0","","groups","fit","8.08641","10.195200061798095","05:53","10.235962223101266","05:52","13.370399951934814","04:29","26.0","26.0","186.2","199.2","false","41.656537","-0.876630","41.655770","-0.876300","162","151","668","51.0","3.3","","161.62","169.0","104.68","7714","","","","","",""
"2024-12-27T10:06:23+01:00","2024-12-27T11:08:47+01:00","17847171660","Fuerza","","","Europe/Paris","+01:00","01:02:24","01:02:24","00:17:31","Gym & Fitness Equipment","Strength Training","Uncategorized","Forerunner 265S 21.20.0.0","","groups","fit","","","","","","","","","","","","false","","","","","121","91","265","","0.2","","","","","332","","","","","",""
"2024-12-25T11:16:10+01:00","2024-12-25T11:45:24+01:00","17833463517","Zaragoza - W8 Wed Time Trial - 2 Mile Time","","Zaragoza","Europe/Paris","+01:00","00:29:14","00:29:14","00:29:10","Any Activity Type","Running","Uncategorized","Forerunner 265S 21.20.0.0","","groups","fit","5.00392","10.274400329589843","05:50","10.29334265399556","05:50","12.967199993133546","04:38","25.0","22.0","185.2","197.2","false","41.655643","-0.874568","41.654961","-0.876932","172","152","406","51.0","3.1","","152.95","167.0","110.58","4470","","","","","",""
"2024-12-23T13:58:47+01:00","2024-12-23T14:25:48+01:00","17821177059","Madrid - W8 Mon Easy Run - 5km Easy Run (","","Madrid","Europe/Paris","+01:00","00:27:01","00:27:01","00:26:52","Any Activity Type","Running","Uncategorized","Forerunner 265S 21.20.0.0","","groups","fit","5.01461","11.13479976654053","05:23","11.198512547915945","05:21","12.36240005493164","04:51","11.0","10.0","684.4","688.2","false","40.442433","-3.705318","40.444286","-3.708822","169","159","405","51.0","3.3","","161.77","169.0","114.37","4370","","","","","",""
"2024-12-21T11:17:24+01:00","2024-12-21T12:55:12+01:00","17807114464","Madrid - W7 Sat Long Run - 16km Long Run","","Madrid","Europe/Paris","+01:00","01:37:48","01:37:48","01:37:31","Any Activity Type","Running","Uncategorized","Forerunner 265S 21.20.0.0","","groups","fit","16.02031","9.82800006866455","06:06","9.856967091629635","06:05","15.21720085144043","03:57","89.0","94.0","649.8","700.0","false","40.442504","-3.704904","40.441803","-3.708038","172","155","1345","50.0","4.0","","159.0","203.0","103.8","15542","","","","","",""
"2024-12-20T16:56:03+01:00","2024-12-20T18:16:52+01:00","17802313910","Fuerza","","","Europe/Paris","+01:00","01:20:49","01:20:49","00:21:26","Gym & Fitness Equipment","Strength Training","Uncategorized","Forerunner 265S 21.20.0.0","","groups","fit","","","","","","","","","","","","false","","","","","132","98","410","","0.6","","","","","354","","","","","",""
"2024-12-19T18:44:14+01:00","2024-12-19T19:26:34+01:00","17796041263","Madrid - W7 Wed Tempo - Tempo 6km (8km)","","Madrid","Europe/Paris","+01:00","00:42:20","00:42:20","00:42:18","Any Activity Type","Running","Uncategorized","Forerunner 265S 21.20.0.0","","groups","fit","7.51608","10.652400398254395","05:38","10.660430516448704","05:38","12.2939998626709","04:53","1.0","10.0","681.8","691.4","false","40.442776","-3.705465","40.442341","-3.705053","166","156","616","50.0","3.5","","159.39","167.0","111.22","6730","","","","","",""
"2024-12-16T18:15:06+01:00","2024-12-16T19:51:40+01:00","17774343462","Fuerza","","","Europe/Paris","+01:00","01:36:34","01:36:34","00:14:14","Gym & Fitness Equipment","Strength Training","Uncategorized","Forerunner 265S 21.19.0.0","","groups","fit","","","","","","","","","","","","false","","","","","157","98","479","","0.9","1.4","","","","340","","","","","",""
"2024-12-15T09:15:09+01:00","2024-12-15T10:11:05+01:00","17763343905","Madrid Corrida","","Madrid","Europe/Paris","+01:00","00:55:55","00:55:56","00:55:54","Any Activity Type","Running","Uncategorized","Forerunner 265S 21.19.0.0","","groups","fit","10.06083","10.796400260925294","05:33","10.79874426990161","05:33","14.511600494384766","04:08","83.0","82.0","651.6","730.2","false","40.441752","-3.691829","40.441618","-3.691905","178","163","847","51.0","4.2","","162.3","173.0","110.67","9066","","","","","",""
"2024-12-12T18:15:19+01:00","2024-12-12T19:31:16+01:00","17746588598","Fuerza","","","Europe/Paris","+01:00","01:15:57","01:15:57","00:20:12","Gym & Fitness Equipment","Strength Training","Uncategorized","Forerunner 265S 21.19.0.0","","groups","fit","","","","","","","","","","","","false","","","","","137","106","447","","0.7","","","","","340","","","","","",""
"2024-12-11T19:15:14+01:00","2024-12-11T19:58:32+01:00","17739474477","Madrid - W6 Mon Easy Run - 7.5km Easy Run","Estaba malo. Aprox km 5 latigazo espalda. Seguimos 🫡","Madrid","Europe/Paris","+01:00","00:43:18","00:43:18","00:43:08","Any Activity Type","Running","Uncategorized","Forerunner 265S 21.19.0.0","","groups","fit","7.51954","10.42199993133545","05:45","10.459947504105488","05:44","14.076000308990478","04:16","1.0","19.0","686.2","706.4","false","40.443273","-3.705390","40.442391","-3.705336","171","157","629","51.0","3.5","","158.28","219.0","110.17","6848","","","","","",""
"2024-12-10T18:01:42+01:00","2024-12-10T19:05:56+01:00","17731685965","Fuerza","","","Europe/Paris","+01:00","01:04:14","01:04:14","00:18:12","Gym & Fitness Equipment","Strength Training","Uncategorized","Forerunner 265S 21.19.0.0","","groups","fit","","","","","","","","","","","","false","","","","","145","112","453","","1.6","1.0","","","","290","","","","","",""
"2024-12-09T19:25:03+01:00","2024-12-09T20:10:51+01:00","17724322599","Madrid Caminhar","","Madrid","Europe/Paris","+01:00","00:45:48","00:45:48","00:30:04","Any Activity Type","Walking","Uncategorized","Forerunner 265S 21.19.0.0","","groups","fit","2.94445","3.859200096130371","15:33","5.875842474622368","10:13","12.092399883270266","04:58","24.0","34.0","671.2","704.2","false","40.443471","-3.705256","40.442980","-3.705123","113","94","252","52.0","0.6","","78.11","130.0","","3646","","","","","",""
"2024-12-08T10:28:37+01:00","2024-12-08T11:49:14+01:00","17714043452","Madrid - W5 Sat Long Run - 13km Race Prac","","Madrid","Europe/Paris","+01:00","01:20:37","01:20:37","01:20:32","Any Activity Type","Running","Uncategorized","Forerunner 265S 21.19.0.0","","groups","fit","13.16025","9.795599842071534","06:08","9.80445494488272","06:07","13.370399951934814","04:29","89.0","83.0","647.0","696.4","false","40.441863","-3.704235","40.441640","-3.706486","174","155","1160","52.0","3.9","","162.77","211.0","100.38","13146","","","","","",""
"2024-12-07T16:04:28+01:00","2024-12-07T17:03:24+01:00","17709403840","Fuerza","","","Europe/Paris","+01:00","00:58:47","00:58:56","00:14:43","Gym & Fitness Equipment","Strength Training","Uncategorized","Forerunner 265S 21.19.0.0","","groups","fit","","","","","","","","","","","","false","","","","","137","104","365","","1.0","0.6","","","","294","","","","","",""
"2024-12-06T13:26:57+01:00","2024-12-06T14:07:43+01:00","17701038004","Madrid Caminhar","","Madrid","Europe/Paris","+01:00","00:40:46","00:40:46","00:39:35","Any Activity Type","Walking","Uncategorized","Forerunner 265S 21.19.0.0","","groups","fit","3.55994","5.238000154495239","11:27","5.3961194901315785","11:07","9.33840036392212","06:26","35.0","46.0","681.2","711.2","false","40.443360","-3.705161","40.443440","-3.705021","115","99","251","52.0","0.7","","109.0","130.0","","4496","","","","","",""
"2024-12-05T17:31:45+01:00","2024-12-05T18:26:33+01:00","17695650735","Madrid - W5 Wed Intervals - 400s into 200","","Madrid","Europe/Paris","+01:00","00:54:43","00:54:48","00:54:22","Any Activity Type","Running","Uncategorized","Forerunner 265S 21.19.0.0","","groups","fit","8.92409","9.784799766540528","06:08","9.84869639412428","06:06","15.21720085144043","03:57","8.0","11.0","683.6","688.8","false","40.443467","-3.705034","40.443108","-3.705052","169","150","784","53.0","3.7","0.6","146.27","169.0","109.52","8058","","","","","",""
